name,recip_rank,success_10,success_20,success_50,success_100,success_10 (%),success_20 (%),success_50 (%),success_100 (%)
AraDPR (Gemini AI),0.0731,0.1568627450980392,0.2222222222222222,0.3790849673202614,0.5294117647058824,15.69,22.22,37.91,52.94
AraDPR (Google NMT),0.0438,0.1111111111111111,0.1568627450980392,0.2875816993464052,0.46405228758169936,11.11,15.69,28.76,46.41
