name,recip_rank,success_10,success_20,success_50,success_100,success_10 (%),success_20 (%),success_50 (%),success_100 (%)
AraDPR (Gemini AI),0.0786,0.1568627450980392,0.2549019607843137,0.39215686274509803,0.45098039215686275,15.69,25.49,39.22,45.1
AraDPR (Google NMT),0.0364,0.0784313725490196,0.11764705882352941,0.21568627450980393,0.35294117647058826,7.84,11.76,21.57,35.29
