name,query_type,recip_rank,success_10,success_20,success_50,success_100,success_10 (%),success_20 (%),success_50 (%),success_100 (%)
AraDPR (Gemini AI),1,0.1251,0.23529411764705882,0.35294117647058826,0.5294117647058824,0.5294117647058824,23.53,35.29,52.94,52.94
AraDPR (Gemini AI),2,0.0776,0.11764705882352941,0.17647058823529413,0.29411764705882354,0.4117647058823529,11.76,17.65,29.41,41.18
AraDPR (Gemini AI),3,0.033,0.11764705882352941,0.23529411764705882,0.35294117647058826,0.4117647058823529,11.76,23.53,35.29,41.18
AraDPR (Google NMT),1,0.0105,0.0,0.058823529411764705,0.11764705882352941,0.29411764705882354,0.0,5.88,11.76,29.41
AraDPR (Google NMT),2,0.07,0.058823529411764705,0.058823529411764705,0.29411764705882354,0.35294117647058826,5.88,5.88,29.41,35.29
AraDPR (Google NMT),3,0.0285,0.17647058823529413,0.23529411764705882,0.23529411764705882,0.4117647058823529,17.65,23.53,23.53,41.18
