,name,map,recip_rank,recall_10,recall_20,recall_100
0,BM25 (Baseline),0.09852330237346349,0.09852330237346349,0.21568627450980393,0.29411764705882354,0.43137254901960786
1,BM25 + RM3,0.1042216927783019,0.1042216927783019,0.2549019607843137,0.29411764705882354,0.47058823529411764
