,name,map,recip_rank,recall_10,recall_20,recall_100
0,BM25 (Baseline),0.45582250867267565,0.45582250867267565,0.5,0.5,0.7
1,BM25 + RM3,0.45347762950538895,0.45347762950538895,0.5,0.5,0.7
