name,recip_rank,success_10,success_20,success_50,success_100,success_10 (%),success_20 (%),success_50 (%),success_100 (%)
AraDPR (Gemini LLM),0.1437,0.2875816993464052,0.3790849673202614,0.5424836601307189,0.7058823529411765,28.76,37.91,54.25,70.59
AraDPR (Google NMT),0.0685,0.17647058823529413,0.2875816993464052,0.45751633986928103,0.6078431372549019,17.65,28.76,45.75,60.78
