name,recip_rank,success_10,success_20,success_50,success_100,success_10 (%),success_20 (%),success_50 (%),success_100 (%)
Baseline (mmBERT-small),0.0167,0.0196078431372549,0.09803921568627451,0.17647058823529413,0.29411764705882354,1.96,9.8,17.65,29.41
mmBERT-small Fine-Tuned (JH-POLO),0.2475,0.39215686274509803,0.48366013071895425,0.6143790849673203,0.7320261437908496,39.22,48.37,61.44,73.2
