name,recip_rank,success_10,success_20,success_50,success_100,success_10 (%),success_20 (%),success_50 (%),success_100 (%)
Baseline (mmBERT-small),0.0218,0.0196078431372549,0.13725490196078433,0.17647058823529413,0.2549019607843137,1.96,13.73,17.65,25.49
mmBERT-small Fine-Tuned (JH-POLO),0.1073,0.21568627450980393,0.23529411764705882,0.43137254901960786,0.6666666666666666,21.57,23.53,43.14,66.67
