name,recip_rank,success_10,success_20,success_50,success_100,success_10 (%),success_20 (%),success_50 (%),success_100 (%)
Baseline (mmBERT-base),0.0127,0.013071895424836602,0.0457516339869281,0.1503267973856209,0.2875816993464052,1.31,4.58,15.03,28.76
mmBERT-base Fine-Tuned (JH-POLO),0.2605,0.5032679738562091,0.5882352941176471,0.7843137254901961,0.8627450980392157,50.33,58.82,78.43,86.27
