name,recip_rank,success_10,success_20,success_50,success_100,success_10 (%),success_20 (%),success_50 (%),success_100 (%)
Baseline (mmBERT-base),0.0104,0.0,0.0392156862745098,0.11764705882352941,0.21568627450980393,0.0,3.92,11.76,21.57
mmBERT-base Fine-Tuned (JH-POLO),0.156,0.35294117647058826,0.49019607843137253,0.6666666666666666,0.8431372549019608,35.29,49.02,66.67,84.31
