name,recip_rank,success_10,success_20,success_50,success_100,success_10 (%),success_20 (%),success_50 (%),success_100 (%)
Baseline (DistilBERT Base),0.0149,0.0196078431372549,0.058823529411764705,0.13725490196078433,0.3137254901960784,1.96,5.88,13.73,31.37
DistilBERT Base Fine-Tuned (JH-POLO),0.1853,0.35294117647058826,0.45751633986928103,0.5947712418300654,0.7189542483660131,35.29,45.75,59.48,71.9
