name,query_type,recip_rank,success_10,success_20,success_50,success_100,success_10 (%),success_20 (%),success_50 (%),success_100 (%)
Baseline (mmBERT-base),1,0.0075,0.0,0.0,0.058823529411764705,0.23529411764705882,0.0,0.0,5.88,23.53
Baseline (mmBERT-base),2,0.0138,0.0,0.11764705882352941,0.11764705882352941,0.17647058823529413,0.0,11.76,11.76,17.65
Baseline (mmBERT-base),3,0.0098,0.0,0.0,0.17647058823529413,0.23529411764705882,0.0,0.0,17.65,23.53
mmBERT-base Fine-Tuned (JH-POLO),1,0.1176,0.23529411764705882,0.35294117647058826,0.6470588235294118,0.8823529411764706,23.53,35.29,64.71,88.24
mmBERT-base Fine-Tuned (JH-POLO),2,0.2014,0.5294117647058824,0.5882352941176471,0.7058823529411765,0.8235294117647058,52.94,58.82,70.59,82.35
mmBERT-base Fine-Tuned (JH-POLO),3,0.149,0.29411764705882354,0.5294117647058824,0.6470588235294118,0.8235294117647058,29.41,52.94,64.71,82.35
