name,query_type,recip_rank,success_10,success_20,success_50,success_100,success_10 (%),success_20 (%),success_50 (%),success_100 (%)
Baseline (mmBERT-small),1,0.0121,0.0,0.11764705882352941,0.11764705882352941,0.23529411764705882,0.0,11.76,11.76,23.53
Baseline (mmBERT-small),2,0.043,0.058823529411764705,0.23529411764705882,0.29411764705882354,0.29411764705882354,5.88,23.53,29.41,29.41
Baseline (mmBERT-small),3,0.0103,0.0,0.058823529411764705,0.11764705882352941,0.23529411764705882,0.0,5.88,11.76,23.53
mmBERT-small Fine-Tuned (JH-POLO),1,0.1018,0.17647058823529413,0.17647058823529413,0.5294117647058824,0.7058823529411765,17.65,17.65,52.94,70.59
mmBERT-small Fine-Tuned (JH-POLO),2,0.1884,0.35294117647058826,0.35294117647058826,0.5294117647058824,0.8235294117647058,35.29,35.29,52.94,82.35
mmBERT-small Fine-Tuned (JH-POLO),3,0.0317,0.11764705882352941,0.17647058823529413,0.23529411764705882,0.47058823529411764,11.76,17.65,23.53,47.06
