name,query_type,recip_rank,success_10,success_20,success_50,success_100,success_10 (%),success_20 (%),success_50 (%),success_100 (%)
Baseline (DistilBERT Base),1,0.0107,0.0,0.058823529411764705,0.058823529411764705,0.23529411764705882,0.0,5.88,5.88,23.53
Baseline (DistilBERT Base),2,0.0087,0.0,0.0,0.058823529411764705,0.35294117647058826,0.0,0.0,5.88,35.29
Baseline (DistilBERT Base),3,0.0056,0.0,0.0,0.0,0.17647058823529413,0.0,0.0,0.0,17.65
Fine-Tuned (JH-POLO),1,0.0289,0.058823529411764705,0.17647058823529413,0.29411764705882354,0.7058823529411765,5.88,17.65,29.41,70.59
Fine-Tuned (JH-POLO),2,0.0834,0.11764705882352941,0.23529411764705882,0.4117647058823529,0.5882352941176471,11.76,23.53,41.18,58.82
Fine-Tuned (JH-POLO),3,0.0428,0.058823529411764705,0.058823529411764705,0.35294117647058826,0.5294117647058824,5.88,5.88,35.29,52.94
