name,recip_rank,success_10,success_20,success_50,success_100,success_10 (%),success_20 (%),success_50 (%),success_100 (%)
Baseline (mmBERT-base),0.0127,0.013071895424836602,0.0457516339869281,0.1503267973856209,0.2875816993464052,1.31,4.58,15.03,28.76
mmBERT-base Fine-Tuned (JH-POLO),0.2976,0.5098039215686274,0.5947712418300654,0.673202614379085,0.8431372549019608,50.98,59.48,67.32,84.31
