name,recip_rank,success_10,success_20,success_50,success_100,success_10 (%),success_20 (%),success_50 (%),success_100 (%)
BM25 (Gemini LLM),0.3056,0.5098039215686274,0.6078431372549019,0.7647058823529411,0.8627450980392157,50.98,60.78,76.47,86.27
BM25 (Google NMT),0.1451,0.19607843137254902,0.35294117647058826,0.5098039215686274,0.6274509803921569,19.61,35.29,50.98,62.75
BM25+RM3 (Gemini LLM),0.2988,0.47058823529411764,0.5882352941176471,0.7843137254901961,0.8235294117647058,47.06,58.82,78.43,82.35
BM25+RM3 (Google NMT),0.1572,0.27450980392156865,0.43137254901960786,0.5294117647058824,0.5686274509803921,27.45,43.14,52.94,56.86
