name,query_type,recip_rank,success_10,success_20,success_50,success_100,success_10 (%),success_20 (%),success_50 (%),success_100 (%)
Baseline (mmBERT-base),1,0.0114,0.0196078431372549,0.0196078431372549,0.1568627450980392,0.3137254901960784,1.96,1.96,15.69,31.37
Baseline (mmBERT-base),2,0.0166,0.0196078431372549,0.09803921568627451,0.1568627450980392,0.23529411764705882,1.96,9.8,15.69,23.53
Baseline (mmBERT-base),3,0.0101,0.0,0.0196078431372549,0.13725490196078433,0.3137254901960784,0.0,1.96,13.73,31.37
mmBERT-base Fine-Tuned (JH-POLO),1,0.2598,0.4117647058823529,0.5098039215686274,0.6078431372549019,0.7647058823529411,41.18,50.98,60.78,76.47
mmBERT-base Fine-Tuned (JH-POLO),2,0.3599,0.5490196078431373,0.6274509803921569,0.6666666666666666,0.8627450980392157,54.9,62.75,66.67,86.27
mmBERT-base Fine-Tuned (JH-POLO),3,0.273,0.5686274509803921,0.6470588235294118,0.7450980392156863,0.9019607843137255,56.86,64.71,74.51,90.2
