name,recip_rank,success_10,success_20,success_50,success_100,success_10 (%),success_20 (%),success_50 (%),success_100 (%)
Baseline (DistilBERT Base),0.0083,0.0,0.0196078431372549,0.0392156862745098,0.2549019607843137,0.0,1.96,3.92,25.49
Fine-Tuned (JH-POLO),0.0517,0.0784313725490196,0.1568627450980392,0.35294117647058826,0.6078431372549019,7.84,15.69,35.29,60.78
