name,query_type,recip_rank,success_10,success_20,success_50,success_100,success_10 (%),success_20 (%),success_50 (%),success_100 (%)
Baseline (DistilBERT Base),1,0.0154,0.0196078431372549,0.09803921568627451,0.13725490196078433,0.3333333333333333,1.96,9.8,13.73,33.33
Baseline (DistilBERT Base),2,0.0106,0.0,0.0392156862745098,0.17647058823529413,0.3333333333333333,0.0,3.92,17.65,33.33
Baseline (DistilBERT Base),3,0.0187,0.0392156862745098,0.0392156862745098,0.09803921568627451,0.27450980392156865,3.92,3.92,9.8,27.45
DistilBERT Base Fine-Tuned (JH-POLO),1,0.1917,0.3333333333333333,0.39215686274509803,0.5098039215686274,0.6862745098039216,33.33,39.22,50.98,68.63
DistilBERT Base Fine-Tuned (JH-POLO),2,0.1214,0.29411764705882354,0.39215686274509803,0.6078431372549019,0.7058823529411765,29.41,39.22,60.78,70.59
DistilBERT Base Fine-Tuned (JH-POLO),3,0.1751,0.29411764705882354,0.37254901960784315,0.4117647058823529,0.6666666666666666,29.41,37.25,41.18,66.67
