name,recip_rank,success_10,success_20,success_50,success_100,success_10 (%),success_20 (%),success_50 (%),success_100 (%)
Baseline (DistilBERT Base),0.0149,0.0196078431372549,0.058823529411764705,0.13725490196078433,0.3137254901960784,1.96,5.88,13.73,31.37
DistilBERT Base Fine-Tuned (JH-POLO),0.1627,0.30718954248366015,0.38562091503267976,0.5098039215686274,0.6862745098039216,30.72,38.56,50.98,68.63
