name,query_type,recip_rank,success_10,success_20,success_50,success_100,success_10 (%),success_20 (%),success_50 (%),success_100 (%)
Baseline (mmBERT-small),1,0.0141,0.0,0.09803921568627451,0.19607843137254902,0.29411764705882354,0.0,9.8,19.61,29.41
Baseline (mmBERT-small),2,0.0234,0.0392156862745098,0.13725490196078433,0.19607843137254902,0.3137254901960784,3.92,13.73,19.61,31.37
Baseline (mmBERT-small),3,0.0124,0.0196078431372549,0.058823529411764705,0.13725490196078433,0.27450980392156865,1.96,5.88,13.73,27.45
mmBERT-small Fine-Tuned (JH-POLO),1,0.2356,0.37254901960784315,0.43137254901960786,0.5490196078431373,0.6666666666666666,37.25,43.14,54.9,66.67
mmBERT-small Fine-Tuned (JH-POLO),2,0.2831,0.45098039215686275,0.5490196078431373,0.6666666666666666,0.803921568627451,45.1,54.9,66.67,80.39
mmBERT-small Fine-Tuned (JH-POLO),3,0.2237,0.35294117647058826,0.47058823529411764,0.6274509803921569,0.7254901960784313,35.29,47.06,62.75,72.55
