name,recip_rank,success_10,success_20,success_50,success_100,success_10 (%),success_20 (%),success_50 (%),success_100 (%)
BM25 (Gemini LLM),0.3413,0.5424836601307189,0.6405228758169934,0.7843137254901961,0.8888888888888888,54.25,64.05,78.43,88.89
BM25 (Google NMT),0.1632,0.26143790849673204,0.33986928104575165,0.5228758169934641,0.6601307189542484,26.14,33.99,52.29,66.01
BM25+RM3 (Gemini LLM),0.3376,0.5294117647058824,0.6209150326797386,0.7777777777777778,0.8758169934640523,52.94,62.09,77.78,87.58
BM25+RM3 (Google NMT),0.1593,0.27450980392156865,0.40522875816993464,0.5098039215686274,0.6013071895424836,27.45,40.52,50.98,60.13
