name,recip_rank,success_10,success_20,success_50,success_100,success_10 (%),success_20 (%),success_50 (%),success_100 (%)
Baseline (mmBERT-small),0.0167,0.0196078431372549,0.09803921568627451,0.17647058823529413,0.29411764705882354,1.96,9.8,17.65,29.41
mmBERT-small Fine-Tuned (JH-POLO),0.259,0.41830065359477125,0.49673202614379086,0.6209150326797386,0.7189542483660131,41.83,49.67,62.09,71.9
